{"retcode":200,"data":{"title":"汽车",
"topnews":[
{"id":35301,"title":"汽车1","topimage":"https://raw.githubusercontent.com/shingkit/newsserver/master/10105/1452327318UU91.jpg","url":"https://raw.githubusercontent.com/shingkit/newsserver/master/10105/724D6A55496A11726628.html","pubdate":"2014-04-08 14:24","comment":true,"commenturl":"http://zhbj.qianlong.com/client/user/newComment/35301","type":"news","commentlist":"https://raw.githubusercontent.com/shingkit/newsserver/master/10105/comment_1.json"},
{"id":35125,"title":"汽车2","topimage":"https://raw.githubusercontent.com/shingkit/newsserver/master/10105/1452327318UU92.jpg","url":"https://raw.githubusercontent.com/shingkit/newsserver/master/10105/724D6A55496A11726628.html","pubdate":"2014-04-08 09:09","comment":true,"commenturl":"http://zhbj.qianlong.com/client/user/newComment/35125","type":"news","commentlist":"https://raw.githubusercontent.com/shingkit/newsserver/master/10105/comment_1.json"}],

"topic":[{"title":"汽车","id":10101,"url":"https://raw.githubusercontent.com/shingkit/newsserver/master/10105/list_1.json","listimage":"https://raw.githubusercontent.com/shingkit/newsserver/master/10105/1452327318UU91.jpg","description":"11111111","sort":1},{"title":"222222222222","id":10100,"url":"https://raw.githubusercontent.com/shingkit/newsserver/master/10105/list_1.json","listimage":"https://raw.githubusercontent.com/shingkit/newsserver/master/10105/1452327318UU91.jpg","description":"22222222","sort":2}],

"news":[
{"id":35311,"title":"汽车","url":"https://raw.githubusercontent.com/shingkit/newsserver/master/10105/724D6A55496A11726628.html","listimage":"https://raw.githubusercontent.com/shingkit/newsserver/master/10105/1452327318UU91.jpg","pubdate":"2014-04-08 14:58","comment":true,"commenturl":"http://zhbj.qianlong.com/client/user/newComment/35319","type":"news","commentlist":"https://raw.githubusercontent.com/shingkit/newsserver/master/10105/comment_1.json"},
{"id":35312,"title":"汽车","url":"https://raw.githubusercontent.com/shingkit/newsserver/master/10105/724D6A55496A11726628.html","listimage":"https://raw.githubusercontent.com/shingkit/newsserver/master/10105/1452327318UU91.jpg","pubdate":"2014-04-08 14:58","comment":true,"commenturl":"http://zhbj.qianlong.com/client/user/newComment/35319","type":"news","commentlist":"https://raw.githubusercontent.com/shingkit/newsserver/master/10105/comment_1.json"},
{"id":35313,"title":"汽车","url":"https://raw.githubusercontent.com/shingkit/newsserver/master/10105/724D6A55496A11726628.html","listimage":"https://raw.githubusercontent.com/shingkit/newsserver/master/10105/1452327318UU91.jpg","pubdate":"2014-04-08 14:58","comment":true,"commenturl":"http://zhbj.qianlong.com/client/user/newComment/35319","type":"news","commentlist":"https://raw.githubusercontent.com/shingkit/newsserver/master/10105/comment_1.json"},
{"id":35314,"title":"汽车","url":"https://raw.githubusercontent.com/shingkit/newsserver/master/10105/724D6A55496A11726628.html","listimage":"https://raw.githubusercontent.com/shingkit/newsserver/master/10105/1452327318UU91.jpg","pubdate":"2014-04-08 14:58","comment":true,"commenturl":"http://zhbj.qianlong.com/client/user/newComment/35319","type":"news","commentlist":"https://raw.githubusercontent.com/shingkit/newsserver/master/10105/comment_1.json"},
{"id":35315,"title":"汽车","url":"https://raw.githubusercontent.com/shingkit/newsserver/master/10105/724D6A55496A11726628.html","listimage":"https://raw.githubusercontent.com/shingkit/newsserver/master/10105/1452327318UU91.jpg","pubdate":"2014-04-08 14:58","comment":true,"commenturl":"http://zhbj.qianlong.com/client/user/newComment/35319","type":"news","commentlist":"https://raw.githubusercontent.com/shingkit/newsserver/master/10105/comment_1.json"},
{"id":35316,"title":"汽车","url":"https://raw.githubusercontent.com/shingkit/newsserver/master/10105/724D6A55496A11726628.html","listimage":"https://raw.githubusercontent.com/shingkit/newsserver/master/10105/1452327318UU91.jpg","pubdate":"2014-04-08 14:58","comment":true,"commenturl":"http://zhbj.qianlong.com/client/user/newComment/35319","type":"news","commentlist":"https://raw.githubusercontent.com/shingkit/newsserver/master/10105/comment_1.json"},
{"id":35310,"title":"汽车","url":"https://raw.githubusercontent.com/shingkit/newsserver/master/10105/724D6A55496A11726628.html","listimage":"https://raw.githubusercontent.com/shingkit/newsserver/master/10105/1452327318UU91.jpg","pubdate":"2014-04-08 14:58","comment":true,"commenturl":"http://zhbj.qianlong.com/client/user/newComment/35319","type":"news","commentlist":"https://raw.githubusercontent.com/shingkit/newsserver/master/10105/comment_1.json"},
{"id":35318,"title":"汽车","url":"https://raw.githubusercontent.com/shingkit/newsserver/master/10105/724D6A55496A11726628.html","listimage":"https://raw.githubusercontent.com/shingkit/newsserver/master/10105/1452327318UU91.jpg","pubdate":"2014-04-08 14:58","comment":true,"commenturl":"http://zhbj.qianlong.com/client/user/newComment/35319","type":"news","commentlist":"https://raw.githubusercontent.com/shingkit/newsserver/master/10105/comment_1.json"},
{"id":35314,"title":"汽车","url":"https://raw.githubusercontent.com/shingkit/newsserver/master/10105/724D6A55496A11726628.html","listimage":"https://raw.githubusercontent.com/shingkit/newsserver/master/10105/1452327318UU91.jpg","pubdate":"2014-04-08 14:54","comment":true,"commenturl":"http://zhbj.qianlong.com/client/user/newComment/35314","type":"news","commentlist":"https://raw.githubusercontent.com/shingkit/newsserver/master/10105/comment_1.json"},
{"id":35117,"title":"汽车","url":"https://raw.githubusercontent.com/shingkit/newsserver/master/10105/724D6A55496A11726628.html","listimage":"https://raw.githubusercontent.com/shingkit/newsserver/master/10105/1452327318UU91.jpg","pubdate":"2014-04-08 08:45","comment":true,"commenturl":"http://zhbj.qianlong.com/client/user/newComment/35117","type":"news","commentlist":"https://raw.githubusercontent.com/shingkit/newsserver/master/10105/comment_1.json"}],

"countcommenturl":"http://zhbj.qianlong.com/client/content/countComment/","more":"/10105/list_1.json"}}